{"meteors":{"meteor_big1":{"mesh":[[-0.2555040692642509,0.39241275855910857],[-0.5058440692642509,0.017652758559108576],[-0.5110040692642509,0.009102758559108536],[-0.3636140692642509,-0.3287672414408915],[-0.3570640692642509,-0.3362072414408914],[0.19883593073574915,-0.4256672414408914],[0.20860593073574904,-0.4239072414408914],[0.49139593073574916,-0.1138172414408914],[0.4915159307357492,-0.10383724144089136],[0.32926593073574906,0.3909927585591086],[0.322115930735749,0.3978327585591086],[-0.2555040692642509,0.39241275855910857]],"textures":["meteorBrown_big1.png","meteorGrey_big1.png"]},"meteor_big2":{"mesh":[[0.11095957739929815,0.4492921543843177],[0.6200695773992981,0.2689621543843177],[0.6285695773992981,0.2638521543843177],[0.4969595773992981,-0.21406784561568223],[0.4887795773992981,-0.2197678456156823],[-0.21330042260070187,-0.5162678456156824],[-0.22302042260070182,-0.5180978456156823],[-0.5017104226007018,-0.3076778456156823],[-0.5075504226007018,-0.29969784561568225],[-0.5614804226007019,0.005612154384317733],[-0.5622904226007018,0.01552215438431773],[-0.36841042260070184,0.3653421543843177],[-0.3621804226007018,0.3730421543843177],[0.11095957739929815,0.4492921543843177]],"textures":["meteorBrown_big2.png","meteorGrey_big2.png"]},"meteor_big3":{"mesh":[[0.08563695202999462,0.41226771056952616],[-0.2974630479700054,0.2978477105695261],[-0.3064430479700054,0.2936277105695261],[-0.45342304797000543,0.02086771056952614],[-0.4581230479700054,0.012037710569526112],[-0.23485304797000542,-0.3964622894304739],[-0.2259430479700054,-0.40079228943047385],[0.24863695202999458,-0.33129228943047395],[0.25846695202999465,-0.32951228943047384],[0.39776695202999457,-0.14743228943047385],[0.4029569520299946,-0.1389322894304739],[0.42505695202999455,0.19028771056952615],[0.4216769520299946,0.19955771056952615],[0.09363695202999459,0.40976771056952616]],"textures":["meteorBrown_big3.png","meteorGrey_big3.png"]},"meteor_big4":{"mesh":[[0.17939688781688012,0.48032250045586766],[0.4865868878168802,0.13795250045586763],[0.4885768878168802,0.12822250045586764],[0.3088468878168802,-0.4019174995441323],[0.3017968878168802,-0.4088974995441324],[-0.18476311218311983,-0.4636374995441323],[-0.19447311218311986,-0.4616974995441324],[-0.48949311218311986,-0.09677749954413237],[-0.4896131121831198,-0.08680749954413237],[-0.35775311218311984,0.34353250045586764],[-0.3513631121831199,0.35103250045586765],[0.17939688781688012,0.48032250045586766]],"textures":["meteorBrown_big4.png","meteorGrey_big4.png"]},"meteor_med1":{"mesh":[[0.14625319202381953,0.1560944371030748],[0.18729319202381953,-0.09889556289692521],[0.18304319202381955,-0.10781556289692518],[-0.15827680797618046,-0.19309556289692523],[-0.16755680797618047,-0.1894555628969252],[-0.13746680797618047,0.16136443710307474],[-0.1315868079761805,0.16943443710307476],[0.1342531920238195,0.16159443710307478]],"textures":["meteorBrown_med1.png","meteorGrey_med1.png"]},"meteor_med2":{"mesh":[[0.11469418577190424,0.16790469257231805],[0.24045418577190425,0.001934692572318113],[0.23723418577190422,-0.007475307427681912],[-0.054005814228095764,-0.20325530742768194],[-0.06395581422809578,-0.20198530742768198],[-0.19850581422809577,-0.08264530742768202],[-0.20505581422809577,-0.07513530742768197],[-0.14996581422809577,0.11581469257231802],[-0.14666581422809577,0.1252646925723181],[0.09619418577190424,0.17490469257231808]],"textures":["meteorBrown_med3.png","meteorGrey_med2.png"]},"meteor_small1":{"mesh":[[0.07520714751709136,0.13148713202966703],[0.06458714751709134,-0.10495286797033287],[0.05687714751709134,-0.11121286797033292],[-0.13037285248290867,-0.0218328679703329],[-0.13207285248290865,-0.012032867970333],[0.07520714751709136,0.13148713202966703]],"textures":["meteorBrown_small1.png","meteorGrey_small1.png"]},"meteor_small2":{"mesh":[[0.11879465097473105,-0.04388560203934162],[-0.01585534902526893,-0.12991560203934158],[-0.02574534902526894,-0.1286156020393416],[-0.15109534902526894,0.0179343979606584],[-0.15328534902526894,0.027674397960658438],[0.07035465097473108,0.12785439796065845],[0.08038465097473108,0.12714439796065832],[0.12029465097473108,-0.032385602039341564]],"textures":["meteorBrown_small2.png","meteorGrey_small2.png"]}},"ships":{"playerShip1":{"mesh":[[0.08085180712268017,-0.3198973521994021],[-0.2688581928773199,-0.22852735219940207],[-0.2725181928773199,-0.22848735219940203],[-0.2997781928773199,0.00977264780059791],[-0.30064819287731986,0.01973264780059793],[0.06205180712268014,0.08471264780059791],[0.06992180712268013,0.09049264780059793],[0.10600180712268009,0.327542647800598],[0.10892180712268011,0.33572264780059796],[0.22879180712268013,0.33610264780059795],[0.23571180712268014,0.3316026478005979],[0.27086180712268015,0.09437264780059791],[0.2753218071226801,0.08637264780059795],[0.6423018071226803,0.02571264780059792],[0.6429918071226801,0.016212647800597963],[0.6147318071226802,-0.22191735219940206],[0.6100818071226801,-0.22587735219940208],[0.08085180712268017,-0.3198973521994021]],"texture":"playerShip1_red.png"}}}
